# EMPRESA EXEMPLO S.A. - DADOS FICTICIOS, criados apenas para demonstrar a aplicacao offline.
# Valores em reais (R$). Sinais conforme a CVM: custos, despesas e saidas de caixa sao negativos.
conta,2021,2022,2023,2024
ativo_total,1300000000,1430000000,1560000000,1590000000
ativo_circulante,530000000,600000000,650000000,700000000
caixa,90000000,85000000,70000000,110000000
aplicacoes_financeiras,40000000,35000000,30000000,45000000
contas_receber,200000000,240000000,265000000,270000000
estoques,170000000,210000000,250000000,240000000
ativo_nao_circulante,770000000,830000000,910000000,890000000
imobilizado,600000000,650000000,720000000,740000000
passivo_total,1300000000,1430000000,1560000000,1590000000
passivo_circulante,290000000,335000000,390000000,360000000
fornecedores,120000000,140000000,150000000,145000000
emprestimos_cp,90000000,110000000,150000000,120000000
passivo_nao_circulante,360000000,395000000,430000000,440000000
emprestimos_lp,310000000,340000000,370000000,380000000
patrimonio_liquido,650000000,700000000,740000000,790000000
receita,1200000000,1380000000,1450000000,1520000000
custo,-780000000,-910000000,-980000000,-1010000000
lucro_bruto,420000000,470000000,470000000,510000000
ebit,190000000,215000000,195000000,230000000
receitas_financeiras,20000000,25000000,28000000,24000000
despesas_financeiras,-60000000,-75000000,-95000000,-88000000
lucro_antes_ir,150000000,165000000,128000000,166000000
ir_csll,-45000000,-50000000,-35000000,-48000000
lucro_liquido,105000000,115000000,93000000,118000000
fco,140000000,120000000,110000000,205000000
fci,-90000000,-115000000,-140000000,-75000000
fcf,-40000000,-10000000,15000000,-90000000
depreciacao,55000000,60000000,66000000,70000000
dividendos_pagos,-40000000,-65000000,-53000000,-68000000
