# MODELO para analisar qualquer empresa. Preencha os valores em reais (R$), um ano por coluna.
# Use ponto como separador decimal e NAO use separador de milhar.
# Sinais conforme a CVM: custo, despesas financeiras, IR, dividendos pagos e saidas de caixa sao NEGATIVOS.
# Depreciacao deve ser informada como valor positivo (ajuste somado na DFC).
conta,2023,2024
ativo_total,,
ativo_circulante,,
caixa,,
aplicacoes_financeiras,,
contas_receber,,
estoques,,
ativo_nao_circulante,,
imobilizado,,
passivo_total,,
passivo_circulante,,
fornecedores,,
emprestimos_cp,,
passivo_nao_circulante,,
emprestimos_lp,,
patrimonio_liquido,,
receita,,
custo,,
lucro_bruto,,
ebit,,
receitas_financeiras,,
despesas_financeiras,,
lucro_antes_ir,,
ir_csll,,
lucro_liquido,,
fco,,
fci,,
fcf,,
depreciacao,,
dividendos_pagos,,
